{
  "total_bookings": 568,
  "total_revenue": 674716.9312273788,
  "average_rate": 297.56893879954885,
  "booking_rate": 0.568,
  "avg_lead_time": 45.131,
  "avg_length_of_stay": 3.956
}